{"Mean Squared Error (MSE)": 28.670511111385238, "Root Mean Squared Error (RMSE)": 5.354485139710936, "Mean Absolute Error (MAE)": 4.180944725002416, "Mean Absolute Percentage Error (MAPE)": 2.3486116929985172, "R-squared (R\u00b2)": 0.950131547525338}