{"Mean Squared Error (MSE)": 48.65055376241213, "Root Mean Squared Error (RMSE)": 6.974994893361007, "Mean Absolute Error (MAE)": 5.497448539307181, "Mean Absolute Percentage Error (MAPE)": 2.9074069092573644, "R-squared (R\u00b2)": 0.9153326545880341}